id,name,country,lon,lat,timezone,dt (UTC),sunrise (UTC),sunset (UTC),weather_id,weather_main,weather_description,weather_icon,temp,feels_like,temp_min,temp_max,pressure,humidity,sea_level,grnd_level,wind_speed,wind_deg,wind_gust,rain_1h,snow_1h,clouds_all,visibility
1880252,Singapore,SG,103.8519,1.2899,8.0,2025-11-15 06:04:13,2025-11-14 22:47:29,2025-11-15 10:51:02,802,Clouds,scattered clouds,03d,30.35,36.17,29.5,30.97,1009,71,1009,1008,6.17,20,,,,40,10000
1608132,Nonthaburi,TH,100.4935,13.7525,7.0,2025-11-15 06:07:37,2025-11-14 23:17:49,2025-11-15 10:47:34,801,Clouds,few clouds,02d,30.71,31.61,28.95,31.08,1013,47,1013,1012,3.63,28,4.18,,,16,10000
1631845,Pecenongan,ID,106.8283,-6.1805,7.0,2025-11-15 05:59:35,2025-11-14 22:25:33,2025-11-15 10:49:10,802,Clouds,scattered clouds,03d,32.9,39.9,31.7,33.14,1009,68,1009,1006,2.57,330,,,,40,7000
1733046,Kuala Lumpur,MY,101.6942,3.1517,8.0,2025-11-15 06:07:30,2025-11-14 22:58:36,2025-11-15 10:57:11,804,Clouds,overcast clouds,04d,32.5,39.5,32.5,33.16,1009,77,1009,995,0.57,221,0.38,,,97,4311
1688216,Santa Cruz,PH,120.9783,14.5949,8.0,2025-11-15 06:07:38,2025-11-14 21:57:02,2025-11-15 09:24:27,804,Clouds,overcast clouds,04d,30.05,36.44,29.49,31.7,1010,75,1010,1012,6.37,96,8.04,,,99,10000
1561096,Xom Pho,VN,105.85,21.03,7.0,2025-11-15 06:03:10,2025-11-14 23:06:58,2025-11-15 10:15:34,800,Clear,clear sky,01d,25.97,25.97,25.97,25.97,1018,46,1018,1017,3.16,1,3.62,,,0,10000
1566083,Ho Chi Minh City,VN,106.7018,10.7758,7.0,2025-11-15 06:04:45,2025-11-14 22:48:51,2025-11-15 10:26:52,801,Clouds,few clouds,02d,32.21,38.21,30.95,32.21,1009,62,1009,1009,3.6,110,,,,20,10000
5128581,New York,US,-74.006,40.7127,-5.0,2025-11-15 06:04:04,2025-11-15 11:43:13,2025-11-15 21:38:21,800,Clear,clear sky,01n,7.47,4.37,4.21,8.45,1014,53,1014,1012,5.14,290,10.29,,,0,10000
5368361,Los Angeles,US,-118.2428,34.0537,-8.0,2025-11-15 06:07:39,2025-11-14 14:25:05,2025-11-15 00:50:04,701,Mist,mist,50n,16.99,17.17,16.12,17.97,1014,93,1014,994,4.63,190,,,,100,4828
4887398,Chicago,US,-87.6244,41.8756,-6.0,2025-11-15 06:07:39,2025-11-15 12:40:32,2025-11-15 22:30:00,803,Clouds,broken clouds,04n,16.3,16.18,15.55,17.29,1006,84,1006,985,4.63,210,,,,75,10000
6167863,Downtown Toronto,CA,-79.3839,43.6535,-5.0,2025-11-15 06:07:39,2025-11-15 12:12:02,2025-11-15 21:52:34,802,Clouds,scattered clouds,03n,2.27,-2.69,1.58,3.37,1014,81,1014,1001,6.26,60,0.0,,,46,10000
3530597,Mexico City,MX,-99.1332,19.4326,-6.0,2025-11-15 06:07:40,2025-11-15 12:44:50,2025-11-15 23:57:47,802,Clouds,scattered clouds,03n,14.94,13.27,14.94,14.94,1018,30,1018,765,1.54,300,,,,40,10000
4699066,Houston,US,-95.3677,29.7589,-6.0,2025-11-15 06:07:40,2025-11-15 12:46:29,2025-11-15 23:25:59,800,Clear,clear sky,01n,19.84,20.15,17.98,20.59,1016,87,1016,1015,5.66,170,8.75,,,0,10000
4164138,Miami,US,-80.1936,25.7742,-5.0,2025-11-15 06:07:40,2025-11-15 11:38:58,2025-11-15 22:32:06,804,Clouds,overcast clouds,04n,20.68,20.94,19.0,21.12,1018,82,1018,1017,2.06,350,,,,100,10000
3458611,Liberdade,BR,-46.6334,-23.5507,-3.0,2025-11-15 06:07:41,2025-11-15 08:13:45,2025-11-15 21:28:48,801,Clouds,few clouds,02n,17.01,17.12,16.15,17.77,1018,90,1018,928,2.06,150,,,,20,10000
3427458,Villa Crespo,AR,-58.4371,-34.6076,-3.0,2025-11-15 06:07:41,2025-11-15 08:40:30,2025-11-15 22:36:30,800,Clear,clear sky,01n,18.84,18.76,18.35,21.07,1014,76,1014,1013,3.58,360,6.71,,,0,10000
3451190,Rio de Janeiro,BR,-43.2094,-22.911,-3.0,2025-11-15 06:07:41,2025-11-15 08:01:07,2025-11-15 21:14:03,804,Clouds,overcast clouds,04n,21.97,22.68,21.97,22.99,1016,94,1016,1018,2.57,130,,,,100,10000
3941417,El Agustino,PE,-77.0365,-12.0621,-5.0,2025-11-15 06:07:41,2025-11-15 10:32:50,2025-11-15 23:12:59,801,Clouds,few clouds,02n,17.29,17.29,16.26,17.29,1014,85,1014,987,3.6,170,,,,20,10000
3678413,La Merced,CO,-74.0836,4.6535,-5.0,2025-11-15 06:07:42,2025-11-15 10:43:51,2025-11-15 22:38:20,741,Fog,fog,50n,13.34,13.29,12.74,13.41,1017,98,1017,737,3.13,50,3.13,,,100,9000
3622914,Mata de Guineo,CR,-83.7981,9.8695,-6.0,2025-11-15 06:07:42,2025-11-15 11:29:49,2025-11-15 23:10:06,804,Clouds,overcast clouds,04n,19.1,19.44,19.1,19.1,1017,91,1017,821,0.43,196,1.07,,,100,10000
3640847,Distrito Capital,VE,-66.9146,10.5061,-4.0,2025-11-15 06:07:42,2025-11-15 10:23:08,2025-11-15 22:01:42,802,Clouds,scattered clouds,03n,20.89,21.2,20.06,20.89,1012,83,1012,897,1.77,170,1.59,,,49,10000
2643743,London,GB,-0.1278,51.5074,0.0,2025-11-15 06:02:00,2025-11-15 07:18:45,2025-11-15 16:11:43,803,Clouds,broken clouds,04n,11.63,11.33,9.41,12.58,1006,95,1006,1003,0.51,0,,,,75,8000
6545270,Palais-Royal,FR,2.32,48.8589,1.0,2025-11-15 06:05:03,2025-11-15 06:59:55,2025-11-15 16:10:58,800,Clear,clear sky,01n,12.17,11.92,11.3,13.42,1007,95,1007,998,2.57,160,,,,0,10000
7576815,Alt-Kölln,DE,13.3889,52.517,1.0,2025-11-15 06:07:43,2025-11-15 06:28:23,2025-11-15 15:13:56,501,Rain,moderate rain,10n,5.63,1.59,4.99,6.11,1016,95,1016,1011,6.26,54,7.6,2.84,,75,10000
6545083,Sol,ES,-3.7036,40.4167,1.0,2025-11-15 06:07:43,2025-11-15 07:01:05,2025-11-15 16:58:00,803,Clouds,broken clouds,04n,9.17,7.46,8.45,9.63,1011,92,1011,937,3.09,140,,,,75,10000
3169070,Rome,IT,12.4829,41.8933,1.0,2025-11-15 06:07:44,2025-11-15 05:59:48,2025-11-15 15:49:46,802,Clouds,scattered clouds,03d,14.12,13.62,12.12,15.54,1019,78,1019,1011,0.51,0,,,,40,10000
2759794,Amsterdam,NL,4.8936,52.3728,1.0,2025-11-15 06:07:44,2025-11-15 07:01:51,2025-11-15 15:48:26,803,Clouds,broken clouds,04n,7.8,4.58,7.69,8.89,1009,90,1009,1010,5.66,80,,,,75,10000
2775260,Innere Stadt,AT,16.3725,48.2084,1.0,2025-11-15 06:07:44,2025-11-15 06:01:35,2025-11-15 15:16:51,300,Drizzle,light intensity drizzle,09d,6.51,5.62,5.11,7.3,1014,91,1014,986,1.54,190,,,,100,2000
1857654,Marunouchi,JP,139.76,35.68,9.0,2025-11-15 05:56:42,2025-11-14 21:16:33,2025-11-15 07:34:40,801,Clouds,few clouds,02d,18.05,17.14,16.66,18.95,1024,47,1024,1022,3.09,150,,,,20,10000
1816670,Beijing,CN,116.3913,39.9062,8.0,2025-11-15 06:07:45,2025-11-14 22:59:08,2025-11-15 08:59:03,802,Clouds,scattered clouds,03d,15.94,14.03,15.94,15.94,1020,17,1020,1015,0.9,356,2.5,,,38,10000
1835848,Seoul,KR,126.978,37.5665,9.0,2025-11-15 06:00:01,2025-11-14 22:11:37,2025-11-15 08:21:53,800,Clear,clear sky,01d,15.76,14.04,15.76,15.78,1026,25,1026,1016,1.54,80,,,,0,10000
8131499,Konkan Division,IN,72.8782,19.0785,5.5,2025-11-15 06:07:45,2025-11-15 01:15:59,2025-11-15 12:30:21,711,Smoke,smoke,50d,29.03,28.38,28.98,29.03,1015,37,1015,1014,4.12,90,,,,0,3000
1796231,Shanghai Municipality,CN,121.4692,31.2323,8.0,2025-11-15 06:05:01,2025-11-14 22:21:16,2025-11-15 08:56:18,800,Clear,clear sky,01d,21.95,21.32,21.95,21.95,1024,43,1024,1023,4.0,150,,,,0,10000
1608132,Nonthaburi,TH,100.4935,13.7525,7.0,2025-11-15 06:07:37,2025-11-14 23:17:49,2025-11-15 10:47:34,801,Clouds,few clouds,02d,30.71,31.61,28.95,31.08,1013,47,1013,1012,3.63,28,4.18,,,16,10000
1273294,Delhi,IN,77.2219,28.6517,5.5,2025-11-15 06:07:46,2025-11-15 01:13:48,2025-11-15 11:57:47,711,Smoke,smoke,50d,20.06,19.3,20.06,20.06,1019,45,1019,993,2.06,240,,,,0,1500
7922173,Al ‘Atabah,EG,31.2357,30.0444,2.0,2025-11-15 06:07:46,2025-11-15 04:20:17,2025-11-15 14:59:14,803,Clouds,broken clouds,04d,18.33,17.76,17.92,18.33,1018,59,1018,1012,5.14,210,,,,75,10000
2332459,Lagos,NG,3.3942,6.4551,1.0,2025-11-15 06:07:47,2025-11-15 05:36:18,2025-11-15 17:25:59,500,Rain,light rain,10d,26.74,29.33,26.74,26.74,1012,82,1012,1011,2.28,259,2.9,0.57,,5,10000
993800,Johannesburg,ZA,28.0497,-26.205,2.0,2025-11-15 06:07:47,2025-11-15 03:10:37,2025-11-15 16:34:24,804,Clouds,overcast clouds,04d,17.59,17.62,16.21,17.8,1017,85,1017,831,3.93,316,5.75,,,100,10000
184736,Nairobi South,KE,36.8264,-1.3033,3.0,2025-11-15 06:07:47,2025-11-15 03:12:09,2025-11-15 15:22:39,802,Clouds,scattered clouds,03d,19.71,19.43,19.71,19.71,1017,65,1017,842,4.21,50,5.68,,,44,10000
2553604,Casablanca,MA,-7.62,33.5945,1.0,2025-11-15 06:07:47,2025-11-15 07:02:22,2025-11-15 17:28:03,803,Clouds,broken clouds,04n,15.76,15.4,15.76,16.14,1016,77,1016,1008,1.79,200,,,,62,10000
2306104,Accra,GH,-0.2012,5.5571,0.0,2025-11-15 06:07:48,2025-11-15 05:49:29,2025-11-15 17:41:34,801,Clouds,few clouds,02d,25.52,26.37,25.52,25.52,1012,86,1012,1008,2.0,245,2.57,,,20,10000
344979,Addis Ababa,ET,38.7524,9.0358,3.0,2025-11-15 06:07:48,2025-11-15 03:18:20,2025-11-15 15:01:03,800,Clear,clear sky,01d,17.12,15.72,17.12,17.12,1018,32,1018,767,3.6,100,,,,0,10000
2147714,Sydney,AU,151.2073,-33.8679,11.0,2025-11-15 05:54:03,2025-11-14 18:43:49,2025-11-15 08:35:49,500,Rain,light rain,10d,21.43,21.67,20.4,22.95,1004,78,1004,999,3.09,10,,0.51,,100,10000
2158177,Melbourne,AU,144.9632,-37.8142,11.0,2025-11-15 06:05:22,2025-11-14 19:00:16,2025-11-15 09:09:19,801,Clouds,few clouds,02d,21.54,21.29,20.5,22.97,1002,59,1002,998,5.66,150,,,,20,10000
2193732,Auckland,NZ,174.7632,-36.8521,13.0,2025-11-15 06:07:00,2025-11-14 17:03:18,2025-11-15 07:07:52,803,Clouds,broken clouds,04d,17.55,17.08,16.75,18.22,1017,66,1017,1013,6.69,230,,,,75,10000
2174003,Brisbane,AU,153.0235,-27.469,10.0,2025-11-15 06:07:49,2025-11-14 18:48:40,2025-11-15 08:16:26,804,Clouds,overcast clouds,04d,24.53,25.26,24.07,25.55,1007,85,1007,1002,8.75,30,,,,100,10000
2061261,South Perth,AU,115.8606,-31.9559,8.0,2025-11-15 06:04:39,2025-11-14 21:08:58,2025-11-15 10:53:29,800,Clear,clear sky,01d,23.44,23.09,21.16,24.95,1015,48,1015,1012,8.75,220,,,,0,10000
5910564,Buckhorn,CA,-78.169,44.5522,-5.0,2025-11-15 06:07:50,2025-11-15 12:09:33,2025-11-15 21:45:19,802,Clouds,scattered clouds,03n,-1.99,-4.09,-1.99,-1.99,1015,80,1015,983,1.54,79,2.97,,,50,10000
2099101,Boroko,PG,147.16,-9.4743,10.0,2025-11-15 06:07:50,2025-11-14 19:39:42,2025-11-15 08:12:18,804,Clouds,overcast clouds,04d,28.58,32.5,28.58,28.58,1007,74,1007,1006,3.98,160,4.18,,,91,10000
